[{"id": 1, "employee_name": "TEST A", "email_id": "test1@gmail.com", "joining_date": "2021-01-12", "salary": 20000}, {"id": 2, "employee_name": "TEST B", "email_id": "test1@gmail.com", "joining_date": "2021-01-12", "salary": 20000}, {"id": 3, "employee_name": "TEST C", "email_id": "test1@gmail.com", "joining_date": "2021-01-12", "salary": 20000}, {"id": 4, "employee_name": "TEST D", "email_id": "test1@gmail.com", "joining_date": "2021-01-12", "salary": 20000}, {"id": 5, "employee_name": "TEST E", "email_id": "test1@gmail.com", "joining_date": "2021-01-12", "salary": 20000}, {"id": 6, "employee_name": "raj", "email_id": "test1@gmail.com", "joining_date": "2021-12-01", "salary": 20000}, {"id": 7, "employee_name": "moj", "email_id": "test1@gmail.com", "joining_date": "2021-12-01", "salary": 20000}, {"id": 8, "employee_name": "paj", "email_id": "test1@gmail.com", "joining_date": "2021-12-01", "salary": 20000}, {"id": 9, "employee_name": "loj", "email_id": "test1@gmail.com", "joining_date": "2021-12-01", "salary": 20000}, {"id": 10, "employee_name": "baj", "email_id": "test1@gmail.com", "joining_date": "2021-12-01", "salary": 20000}, {"id": 11, "employee_name": "raj", "email_id": "test1@gmail.com", "joining_date": "2021-12-01", "salary": 20000}, {"id": 12, "employee_name": "moj", "email_id": "test1@gmail.com", "joining_date": "2021-12-01", "salary": 20000}, {"id": 13, "employee_name": "paj", "email_id": "test1@gmail.com", "joining_date": "2021-12-01", "salary": 20000}, {"id": 14, "employee_name": "loj", "email_id": "test1@gmail.com", "joining_date": "2021-12-01", "salary": 20000}, {"id": 15, "employee_name": "baj", "email_id": "test1@gmail.com", "joining_date": "2021-12-01", "salary": 20000}]